tipo,y_rot,x_tilt,Eb
Eb$_{min}$,2,26,-37.77573268432752
$Dp_{min}$,5,21,47.03200492882752
Esf$_{25}$,42,12,85.85407100216253
Esf$_{30}$,38,9,13.87709313628875
