tipo,y_rot,x_tilt,Eb
Eb$_{min}$,0,11,-10.686977743327589
$Dp_{min}$,26,8,55.41237977221863
Esf$_{25}$,4,11,23.37714948848952
Esf$_{30}$,22,6,38.19980240587938
