tipo,y_rot,x_tilt,Eb
Eb$_{min}$,33,12,-9.643727519453025
$Dp_{min}$,29,9,-4.073166273125025
Esf$_{25}$,0,13,-5.818735386146727
Esf$_{30}$,28,9,-1.7176163343356166
