tipo,y_rot,x_tilt,Eb
Eb$_{min}$,65,12,-11.197574599696964
$Dp_{min}$,30,12,79.2892676658521
Esf$_{25}$,16,9,43.00780862398096
Esf$_{30}$,16,6,14.225010519461648
