tipo,y_rot,x_tilt,Eb
Eb$_{min}$,38,20,-12.141790099238278
$Dp_{min}$,29,9,-6.969695930407397
Esf$_{25}$,0,13,-8.719895498910773
Esf$_{30}$,28,9,-4.41157841216409
