tipo,y_rot,x_tilt,Eb
Eb$_{min}$,57,20,-5.385025820491137
$Dp_{min}$,25,6,72.71028756525084
Esf$_{25}$,4,10,44.70916877151831
Esf$_{30}$,15,6,49.55909643778068
