tipo,y_rot,x_tilt,Eb
Eb$_{min}$,1,28,-34.00733357988065
$Dp_{min}$,5,21,47.03617541653512
Esf$_{25}$,42,12,89.58094286746928
Esf$_{30}$,38,9,20.472316408660845
