tipo,y_rot,x_tilt,Eb
Eb$_{min}$,69,14,-10.458658905503398
$Dp_{min}$,30,12,80.16778802226327
Esf$_{25}$,16,9,45.356028198883
Esf$_{30}$,16,6,14.302834246154816
