tipo,y_rot,x_tilt,Eb
Eb$_{min}$,4,34,-38.30931898009294
$Dp_{min}$,1,21,19.679606916732155
Esf$_{25}$,43,13,64.74135307061806
Esf$_{30}$,42,9,1.1237256293243263
