tipo,y_rot,x_tilt,Eb
Eb$_{min}$,65,12,1.11260494520684
$Dp_{min}$,30,12,106.5860841844169
Esf$_{25}$,16,9,62.92733935465185
Esf$_{30}$,16,6,29.258664050625157
