tipo,y_rot,x_tilt,Eb
Eb$_{min}$,65,12,-6.08100451322025
$Dp_{min}$,30,12,90.355866554979
Esf$_{25}$,16,9,51.15248135627553
Esf$_{30}$,16,6,20.406353444352135
