tipo,y_rot,x_tilt,Eb
Eb$_{min}$,58,30,-29.31869141629432
$Dp_{min}$,2,23,62.69620886948542
Esf$_{25}$,44,12,25.418505772096974
Esf$_{30}$,39,8,15.207637911116763
