tipo,y_rot,x_tilt,Eb
Eb$_{min}$,55,31,-22.18186833657819
$Dp_{min}$,2,23,76.78327533813717
Esf$_{25}$,44,12,44.17281113169884
Esf$_{30}$,39,8,25.38099088826857
