tipo,y_rot,x_tilt,Eb
Eb$_{min}$,69,12,0.5383322878842591
$Dp_{min}$,26,8,75.11541280316669
Esf$_{25}$,4,11,41.09265586742367
Esf$_{30}$,22,6,51.73458927433421
