tipo,y_rot,x_tilt,Eb
Eb$_{min}$,54,31,-10.201072697338532
$Dp_{min}$,2,23,101.76435773571576
Esf$_{25}$,44,12,61.37039939317037
Esf$_{30}$,39,8,45.770392631449795
