tipo,y_rot,x_tilt,Eb
Eb$_{min}$,4,25,-25.24793366381345
$Dp_{min}$,1,16,55.9011584359032
Esf$_{5}$,22,7,128.67585909638728
Esf$_{15}$,42,14,65.98963675247069
Esf$_{25}$,42,13,59.16136449740589
Esf$_{30}$,40,9,31.179323339631082
