tipo,y_rot,x_tilt,Eb
Eb$_{min}$,1,24,-79.18136331690766
$Dp_{min}$,1,16,33.44481711211847
Esf$_{25}$,42,13,-28.00568071981252
Esf$_{30}$,40,9,-36.33757801550382
