tipo,y_rot,x_tilt,Eb
Eb$_{min}$,43,18,-89.21602688475105
$Dp_{min}$,2,23,-19.10789352194115
Esf$_{25}$,44,12,-43.17399301225669
Esf$_{30}$,39,8,-47.8079201636574
