tipo,y_rot,x_tilt,Eb
Eb$_{min}$,56,32,-15.901024924787636
$Dp_{min}$,2,23,91.14934190503844
Esf$_{25}$,44,12,57.43312185750256
Esf$_{30}$,39,8,36.77999597432063
