tipo,y_rot,x_tilt,Eb
Eb$_{min}$,69,12,-4.375740003782994
$Dp_{min}$,25,13,84.77255568384317
Esf$_{25}$,21,8,8.704518028232997
Esf$_{30}$,33,4,12.606147482852975
