tipo,y_rot,x_tilt,Eb
Eb$_{min}$,69,16,-25.667963642677933
$Dp_{min}$,25,13,49.69069050591497
Esf$_{25}$,21,8,-12.698503256589902
Esf$_{30}$,33,4,-4.667612235592969
