tipo,y_rot,x_tilt,Eb
Eb$_{min}$,1,28,-30.576140649645826
$Dp_{min}$,5,21,53.53292714802228
Esf$_{25}$,42,12,106.49882409733254
Esf$_{30}$,38,9,29.854319363184914
