tipo,y_rot,x_tilt,Eb
Eb$_{min}$,41,22,-7.244167820061193
$Dp_{min}$,25,6,74.89118981583124
Esf$_{25}$,1,11,14.028785351027182
Esf$_{30}$,25,6,74.89118981583124
