tipo,y_rot,x_tilt,Eb
Eb$_{min}$,43,18,-68.89410996684455
$Dp_{min}$,2,23,5.544204892750713
Esf$_{25}$,44,12,-20.773705461542704
Esf$_{30}$,39,8,-29.401939090705127
