tipo,y_rot,x_tilt,Eb
Eb$_{min}$,66,14,-22.39627833529812
$Dp_{min}$,26,8,46.86377259184519
Esf$_{25}$,4,11,12.580233736123771
Esf$_{30}$,22,6,28.031443356325326
