tipo,y_rot,x_tilt,Eb
Eb$_{min}$,27,34,-9.232472822499403
$Dp_{min}$,1,16,77.31160582432494
Esf$_{25}$,42,13,81.0889073115759
Esf$_{30}$,40,9,51.998413926616195
