tipo,y_rot,x_tilt,Eb
Eb$_{min}$,3,35,-11.844525299857196
$Dp_{min}$,5,21,94.08435903349891
Esf$_{25}$,42,12,153.86107629094477
Esf$_{30}$,38,9,63.70882955558773
