tipo,y_rot,x_tilt,Eb
Eb$_{min}$,45,14,-17.413029879055102
$Dp_{min}$,28,9,34.068885302236595
Esf$_{25}$,41,10,46.04400332429213
Esf$_{30}$,38,8,34.005316406764905
