tipo,y_rot,x_tilt,Eb
Eb$_{min}$,38,24,-7.913577268787776
$Dp_{min}$,5,21,107.3345109438378
Esf$_{25}$,42,12,157.00960412398854
Esf$_{30}$,38,9,63.11545467232645
