tipo,y_rot,x_tilt,Eb
Eb$_{min}$,69,28,-55.23675850537256
$Dp_{min}$,2,23,25.080183109879727
Esf$_{25}$,44,12,-1.306627748417668
Esf$_{30}$,39,8,-17.70818996617163
