tipo,y_rot,x_tilt,Eb
Eb$_{min}$,69,9,-5.936828991661969
$Dp_{min}$,25,6,72.62071490856579
Esf$_{25}$,4,10,41.85011079562355
Esf$_{30}$,15,6,47.57334891793289
