tipo,y_rot,x_tilt,Eb
Eb$_{min}$,1,27,-56.108879423103645
$Dp_{min}$,5,21,17.660374603889068
Esf$_{25}$,42,12,64.81303421322082
Esf$_{30}$,38,9,0.5620885478274431
