tipo,y_rot,x_tilt,Eb
Eb$_{min}$,71,11,-13.31285579102041
$Dp_{min}$,26,8,59.01934306998737
Esf$_{25}$,4,11,24.741922023837105
Esf$_{30}$,22,6,37.158621547856455
