tipo,y_rot,x_tilt,Eb
Eb$_{min}$,33,12,-3.2005709911154554
$Dp_{min}$,26,8,71.81600710305247
Esf$_{25}$,4,11,33.70704592028778
Esf$_{30}$,22,6,49.819976525837774
