tipo,y_rot,x_tilt,Eb
Eb$_{min}$,69,14,-10.84621901897117
$Dp_{min}$,30,12,78.55742945747625
Esf$_{25}$,16,9,41.91411478586451
Esf$_{30}$,16,6,14.320457848283695
