tipo,y_rot,x_tilt,Eb
Eb$_{min}$,57,20,-2.2374299033981515
$Dp_{min}$,25,6,76.83659863552566
Esf$_{25}$,4,10,50.294389425513145
Esf$_{30}$,15,6,53.69628299253236
