tipo,y_rot,x_tilt,Eb
Eb$_{min}$,65,12,2.218449864491049
$Dp_{min}$,30,12,109.20051419179254
Esf$_{25}$,16,9,64.79993041410489
Esf$_{30}$,16,6,30.64612048012532
