tipo,y_rot,x_tilt,Eb
Eb$_{min}$,54,31,-18.78453302101844
$Dp_{min}$,2,23,82.11212085248553
Esf$_{25}$,44,12,43.24662944532611
Esf$_{30}$,39,8,30.303563458903227
