tipo,y_rot,x_tilt,Eb
Eb$_{min}$,69,24,-6.019689442497111
$Dp_{min}$,25,13,85.09828152308728
Esf$_{25}$,21,8,6.322136166512792
Esf$_{30}$,33,4,13.496385936921797
