tipo,y_rot,x_tilt,Eb
Eb$_{min}$,45,14,-14.898953751966474
$Dp_{min}$,28,9,34.275855544132355
Esf$_{25}$,41,10,46.15940844544093
Esf$_{30}$,38,8,37.2600924932849
