tipo,y_rot,x_tilt,Eb
Eb$_{min}$,55,31,-22.91574909420888
$Dp_{min}$,2,23,75.22063001517381
Esf$_{25}$,44,12,42.73311288523109
Esf$_{30}$,39,8,24.146839071901923
