tipo,y_rot,x_tilt,Eb
Eb$_{min}$,1,25,-45.58520895107358
$Dp_{min}$,1,16,50.52794695232296
Esf$_{25}$,42,13,26.73062235864927
Esf$_{30}$,40,9,6.362717226234963
