tipo,y_rot,x_tilt,Eb
Eb$_{min}$,4,25,-30.804403005058703
$Dp_{min}$,1,16,56.57809737027856
Esf$_{25}$,42,13,46.94015835366736
Esf$_{30}$,40,9,21.50518849339278
