tipo,y_rot,x_tilt,Eb
Eb$_{min}$,38,20,-11.902830914910735
$Dp_{min}$,29,9,-5.869007990877435
Esf$_{25}$,0,13,-9.026637181068509
Esf$_{30}$,28,9,-3.475833621672791
