tipo,y_rot,x_tilt,Eb
Eb$_{min}$,57,21,6.217650323162161
$Dp_{min}$,26,8,85.842681379223
Esf$_{25}$,4,11,48.73706195683189
Esf$_{30}$,22,6,61.61501485352892
