tipo,y_rot,x_tilt,Eb
Eb$_{min}$,38,20,-15.27290414379786
$Dp_{min}$,29,9,-9.490995623324125
Esf$_{25}$,0,13,-12.376369867162794
Esf$_{30}$,28,9,-6.810360004583345
