tipo,y_rot,x_tilt,Eb
Eb$_{min}$,65,12,-2.491104395881848
$Dp_{min}$,30,12,96.6369351055764
Esf$_{25}$,16,9,54.45749034784603
Esf$_{30}$,16,6,23.36763713503933
