tipo,y_rot,x_tilt,Eb
Eb$_{min}$,3,35,-3.636476161562314
$Dp_{min}$,5,21,116.89827285715728
Esf$_{25}$,42,12,180.79132900488912
Esf$_{30}$,38,9,82.83514501545869
