tipo,y_rot,x_tilt,Eb
Eb$_{min}$,1,25,-45.96273527367157
$Dp_{min}$,1,16,45.73224592524639
Esf$_{25}$,42,13,20.31326876498497
Esf$_{30}$,40,9,0.7881068522110581
