tipo,y_rot,x_tilt,Eb
Eb$_{min}$,69,16,-18.45871528645148
$Dp_{min}$,25,13,60.0502972128852
Esf$_{25}$,21,8,-6.259908926476783
Esf$_{30}$,33,4,0.43979488080367446
