tipo,y_rot,x_tilt,Eb
Eb$_{min}$,1,27,-45.881723522019456
$Dp_{min}$,5,21,31.788559862048714
Esf$_{25}$,42,12,81.21832114331482
Esf$_{30}$,38,9,11.981374016017071
