tipo,y_rot,x_tilt,Eb
Eb$_{min}$,2,15,-20.84317314143481
$Dp_{min}$,25,13,57.45071906357771
Esf$_{25}$,21,8,-6.862545145704644
Esf$_{30}$,33,4,0.027066444779848098
