tipo,y_rot,x_tilt,Eb
Eb$_{min}$,65,12,-8.75461528356027
$Dp_{min}$,30,12,84.54063232521003
Esf$_{25}$,16,9,46.88284145703801
Esf$_{30}$,16,6,17.167197882201435
