tipo,y_rot,x_tilt,Eb
Eb$_{min}$,33,12,-11.091658686695157
$Dp_{min}$,26,8,61.13321880007607
Esf$_{25}$,4,11,23.67164258330922
Esf$_{30}$,22,6,40.642663952106886
