tipo,y_rot,x_tilt,Eb
Eb$_{min}$,69,15,-19.97106881254149
$Dp_{min}$,25,13,59.84162654019747
Esf$_{25}$,21,8,-9.033571124076843
Esf$_{30}$,33,4,0.8116357864564634
