tipo,y_rot,x_tilt,Eb
Eb$_{min}$,40,35,-11.992187933232344
$Dp_{min}$,5,21,94.89991610131256
Esf$_{25}$,42,12,146.36576640421845
Esf$_{30}$,38,9,58.82327482027904
