tipo,y_rot,x_tilt,Eb
Eb$_{min}$,69,14,-15.764692886576086
$Dp_{min}$,30,12,70.52968718096963
Esf$_{25}$,16,9,36.23445176763926
Esf$_{30}$,16,6,10.157070626475615
