tipo,y_rot,x_tilt,Eb
Eb$_{min}$,69,14,-10.454532176350767
$Dp_{min}$,30,12,82.33734585435377
Esf$_{25}$,16,9,44.17854436430571
Esf$_{30}$,16,6,15.54248228153665
