tipo,y_rot,x_tilt,Eb
Eb$_{min}$,65,12,-3.3595052467881032
$Dp_{min}$,30,12,96.37276328803092
Esf$_{25}$,16,9,55.54432448362968
Esf$_{30}$,16,6,23.72742342316633
