tipo,y_rot,x_tilt,Eb
Eb$_{min}$,39,12,-43.45281772760791
$Dp_{min}$,1,21,12.619830386880494
Esf$_{25}$,43,13,53.924268269649474
Esf$_{30}$,42,9,-5.199562620968209
