tipo,y_rot,x_tilt,Eb
Eb$_{min}$,69,12,-12.105004952341917
$Dp_{min}$,25,6,69.62124452566786
Esf$_{25}$,4,10,32.73035727426213
Esf$_{30}$,15,6,40.73853649411103
