tipo,y_rot,x_tilt,Eb
Eb$_{min}$,69,12,-15.308986678030124
$Dp_{min}$,26,8,53.28815710240088
Esf$_{25}$,4,11,21.06302505802705
Esf$_{30}$,22,6,33.11864267537385
