tipo,y_rot,x_tilt,Eb
Eb$_{min}$,66,10,-1.0515586989040455
$Dp_{min}$,26,8,76.07614234761058
Esf$_{25}$,4,11,40.65967557248587
Esf$_{30}$,22,6,51.83960577409198
