tipo,y_rot,x_tilt,Eb
Eb$_{min}$,33,12,-9.724347013248916
$Dp_{min}$,29,9,-4.231980705819296
Esf$_{25}$,0,13,-4.97411393762377
Esf$_{30}$,28,9,-1.8159348299486737
