tipo,y_rot,x_tilt,Eb
Eb$_{min}$,66,14,-5.952099218338844
$Dp_{min}$,26,8,67.61583134863758
Esf$_{25}$,4,11,32.56650081673433
Esf$_{30}$,22,6,46.09614126076485
