tipo,y_rot,x_tilt,Eb
Eb$_{min}$,66,14,1.191891710514028
$Dp_{min}$,26,8,77.40058996827247
Esf$_{25}$,4,11,41.37934267138553
Esf$_{30}$,22,6,54.466973742488335
