tipo,y_rot,x_tilt,Eb
Eb$_{min}$,39,12,-55.29485516858404
$Dp_{min}$,1,21,1.3517948161024833
Esf$_{25}$,43,13,32.412777889563586
Esf$_{30}$,42,9,-18.45827055843256
