tipo,y_rot,x_tilt,Eb
Eb$_{min}$,2,15,-13.605882615062
$Dp_{min}$,25,13,66.56935834188334
Esf$_{25}$,21,8,-1.4474443305134628
Esf$_{30}$,33,4,4.33001618612434
