tipo,y_rot,x_tilt,Eb
Eb$_{min}$,41,22,-13.260701936744226
$Dp_{min}$,25,6,79.28383323761045
Esf$_{25}$,1,11,8.296647919283714
Esf$_{30}$,25,6,79.28383323761045
