tipo,y_rot,x_tilt,Eb
Eb$_{min}$,69,12,-22.65237178033567
$Dp_{min}$,25,6,62.10474620828609
Esf$_{25}$,4,10,19.786920466787706
Esf$_{30}$,15,6,35.56021859947941
