tipo,y_rot,x_tilt,Eb
Eb$_{min}$,4,25,-15.93648214302084
$Dp_{min}$,1,16,72.15206826396025
Esf$_{25}$,42,13,76.61681445010618
Esf$_{30}$,40,9,44.842571910776314
