tipo,y_rot,x_tilt,Eb
Eb$_{min}$,1,28,-24.9604040774284
$Dp_{min}$,5,21,62.62883167821565
Esf$_{25}$,42,12,117.08963634219252
Esf$_{30}$,38,9,37.406154110241914
