tipo,y_rot,x_tilt,Eb
Eb$_{min}$,57,19,-11.87123106476065
$Dp_{min}$,25,6,66.28460589138194
Esf$_{25}$,4,10,33.45931448078045
Esf$_{30}$,15,6,42.3046169754125
