tipo,y_rot,x_tilt,Eb
Eb$_{min}$,65,12,-0.0397823303246696
$Dp_{min}$,30,12,103.90454848975789
Esf$_{25}$,16,9,60.99880617774397
Esf$_{30}$,16,6,27.822296883226954
