tipo,y_rot,x_tilt,Eb
Eb$_{min}$,8,13,-16.70987839767622
$Dp_{min}$,1,21,55.37518378258392
Esf$_{25}$,43,13,118.55435644944372
Esf$_{30}$,42,9,33.64381263731775
