tipo,y_rot,x_tilt,Eb
Eb$_{min}$,1,25,-63.78605429126765
$Dp_{min}$,1,16,37.80624902328418
Esf$_{25}$,42,13,-5.695800307192258
Esf$_{30}$,40,9,-19.24737322915462
