tipo,y_rot,x_tilt,Eb
Eb$_{min}$,69,24,-13.48821816135387
$Dp_{min}$,25,13,70.92794047865391
Esf$_{25}$,21,8,-2.2156621519279724
Esf$_{30}$,33,4,6.437953877069958
