tipo,y_rot,x_tilt,Eb
Eb$_{min}$,8,13,-22.1233466096528
$Dp_{min}$,1,21,46.14171053573955
Esf$_{25}$,43,13,104.77336723275948
Esf$_{30}$,42,9,25.178264025904355
