tipo,y_rot,x_tilt,Eb
Eb$_{min}$,56,32,-13.301884751323088
$Dp_{min}$,2,23,97.79082490000292
Esf$_{25}$,44,12,63.57519185075944
Esf$_{30}$,39,8,42.07660404152557
