tipo,y_rot,x_tilt,Eb
Eb$_{min}$,8,13,-29.25361826090375
$Dp_{min}$,1,21,36.5196097822336
Esf$_{25}$,43,13,85.71626896147063
Esf$_{30}$,42,9,13.30123195125634
