tipo,y_rot,x_tilt,Eb
Eb$_{min}$,19,13,-5.687580247329606
$Dp_{min}$,1,16,83.21557998639037
Esf$_{25}$,42,13,96.34548504662962
Esf$_{30}$,40,9,60.473847521832795
