tipo,y_rot,x_tilt,Eb
Eb$_{min}$,66,14,-14.650709034118336
$Dp_{min}$,26,8,56.32348483425449
Esf$_{25}$,4,11,21.95821685843839
Esf$_{30}$,22,6,36.32570426103484
