tipo,y_rot,x_tilt,Eb
Eb$_{min}$,4,34,-30.627511470949685
$Dp_{min}$,1,21,31.996755861684505
Esf$_{25}$,43,13,83.48034280612046
Esf$_{30}$,42,9,12.265070467059559
