tipo,y_rot,x_tilt,Eb
Eb$_{min}$,8,13,-11.23244712248561
$Dp_{min}$,1,21,64.62226118316175
Esf$_{25}$,43,13,132.28630925429025
Esf$_{30}$,42,9,42.12842466769507
