tipo,y_rot,x_tilt,Eb
Eb$_{min}$,4,34,-40.60373829337186
$Dp_{min}$,1,21,18.28788170780172
Esf$_{25}$,43,13,58.2906387563271
Esf$_{30}$,42,9,-3.313448578250245
