tipo,y_rot,x_tilt,Eb
Eb$_{min}$,69,15,-18.767221256788616
$Dp_{min}$,25,13,61.68070234615152
Esf$_{25}$,21,8,-7.896511413819098
Esf$_{30}$,33,4,1.7472782298827951
