tipo,y_rot,x_tilt,Eb
Eb$_{min}$,57,21,5.005600625565421
$Dp_{min}$,26,8,83.67300196856377
Esf$_{25}$,4,11,46.86737331652512
Esf$_{30}$,22,6,59.785111396375214
