tipo,y_rot,x_tilt,Eb
Eb$_{min}$,30,23,-8.738428351723996
$Dp_{min}$,28,9,41.02019297003426
Esf$_{25}$,41,10,59.93378911392938
Esf$_{30}$,38,8,47.86588280845899
