tipo,y_rot,x_tilt,Eb
Eb$_{min}$,71,30,-24.97668740771769
$Dp_{min}$,5,21,66.71638394656475
Esf$_{25}$,42,12,108.90790415949596
Esf$_{30}$,38,9,29.804247001615295
