tipo,y_rot,x_tilt,Eb
Eb$_{min}$,8,13,-16.2653679855066
$Dp_{min}$,1,21,56.12866358121392
Esf$_{25}$,43,13,119.67550678725092
Esf$_{30}$,42,9,34.33515860784246
