tipo,y_rot,x_tilt,Eb
Eb$_{min}$,69,12,-10.143135924563468
$Dp_{min}$,26,8,59.77003834161769
Esf$_{25}$,4,11,27.356051561499044
Esf$_{30}$,22,6,38.73441255833859
