tipo,y_rot,x_tilt,Eb
Eb$_{min}$,69,12,-27.14526701375508
$Dp_{min}$,25,6,73.16031037029825
Esf$_{25}$,4,10,16.136714373384166
Esf$_{30}$,15,6,30.129692426606198
