tipo,y_rot,x_tilt,Eb
Eb$_{min}$,65,12,-1.6148873432484834
$Dp_{min}$,30,12,100.29930611703094
Esf$_{25}$,16,9,58.39443538380874
Esf$_{30}$,16,6,25.872329462081325
