tipo,y_rot,x_tilt,Eb
Eb$_{min}$,39,12,-54.25261287327157
$Dp_{min}$,1,21,2.918519011116586
Esf$_{25}$,43,13,38.98978011622967
Esf$_{30}$,42,9,-13.795801952917827
