tipo,y_rot,x_tilt,Eb
Eb$_{min}$,4,14,-27.463401397355483
$Dp_{min}$,25,13,49.25763809012278
Esf$_{25}$,21,8,-15.607056765638845
Esf$_{30}$,33,4,-4.547139463611529
