tipo,y_rot,x_tilt,Eb
Eb$_{min}$,65,12,-1.1723235281533562
$Dp_{min}$,30,12,101.30596884732222
Esf$_{25}$,16,9,59.12289429802331
Esf$_{30}$,16,6,26.418814385186124
