tipo,y_rot,x_tilt,Eb
Eb$_{min}$,30,23,-9.78298360669578
$Dp_{min}$,28,9,41.863259500481945
Esf$_{25}$,41,10,61.31097954999859
Esf$_{30}$,38,8,45.717725738279114
