tipo,y_rot,x_tilt,Eb
Eb$_{min}$,38,24,-16.326087174835266
$Dp_{min}$,5,21,86.86403388034523
Esf$_{25}$,42,12,132.6589451975451
Esf$_{30}$,38,9,46.283608368110436
