tipo,y_rot,x_tilt,Eb
Eb$_{min}$,1,27,-39.64297713332053
$Dp_{min}$,5,21,40.34124710048491
Esf$_{25}$,42,12,91.15695703800884
Esf$_{30}$,38,9,18.975245156587334
