tipo,y_rot,x_tilt,Eb
Eb$_{min}$,8,13,-18.420017256248684
$Dp_{min}$,1,21,52.47025618419866
Esf$_{25}$,43,13,114.22744247864466
Esf$_{30}$,42,9,30.978922409885854
