tipo,y_rot,x_tilt,Eb
Eb$_{min}$,69,28,-47.79864260509203
$Dp_{min}$,2,23,35.783202161997906
Esf$_{25}$,44,12,6.6329915195237845
Esf$_{30}$,39,8,-6.521608687653497
