tipo,y_rot,x_tilt,Eb
Eb$_{min}$,1,27,-49.951650720628095
$Dp_{min}$,5,21,26.18457772245165
Esf$_{25}$,42,12,74.7091645795881
Esf$_{30}$,38,9,7.429850608401466
