tipo,y_rot,x_tilt,Eb
Eb$_{min}$,69,9,-14.144316509005876
$Dp_{min}$,25,6,64.93948047255617
Esf$_{25}$,4,10,30.27645905523605
Esf$_{30}$,15,6,40.522555393465154
