tipo,y_rot,x_tilt,Eb
Eb$_{min}$,57,20,-11.93773620771026
$Dp_{min}$,25,6,59.25262094620848
Esf$_{25}$,4,10,33.511618810534856
Esf$_{30}$,15,6,37.81343775343703
