tipo,y_rot,x_tilt,Eb
Eb$_{min}$,4,25,-11.47996331135073
$Dp_{min}$,1,16,75.08555538959627
Esf$_{25}$,42,13,82.79778788686963
Esf$_{30}$,40,9,49.742032247711904
