tipo,y_rot,x_tilt,Eb
Eb$_{min}$,69,28,-47.410900319075154
$Dp_{min}$,2,23,36.32997328104102
Esf$_{25}$,44,12,7.130223715990724
Esf$_{30}$,39,8,-6.103152681593201
