tipo,y_rot,x_tilt,Eb
Eb$_{min}$,2,24,-42.19539083224663
$Dp_{min}$,1,21,13.727100940617674
Esf$_{25}$,43,13,45.78426007232338
Esf$_{30}$,42,9,-2.140759644600621
