tipo,y_rot,x_tilt,Eb
Eb$_{min}$,4,34,-31.20122913819796
$Dp_{min}$,1,21,28.749955419298203
Esf$_{25}$,43,13,69.45860729034757
Esf$_{30}$,42,9,10.845281944712042
