tipo,y_rot,x_tilt,Eb
Eb$_{min}$,1,25,-30.57818198278983
$Dp_{min}$,1,16,63.53688800551754
Esf$_{25}$,42,13,38.94754765430116
Esf$_{30}$,40,9,20.925409714553098
