tipo,y_rot,x_tilt,Eb
Eb$_{min}$,4,25,-18.8991222685072
$Dp_{min}$,1,16,67.47577177941275
Esf$_{25}$,42,13,69.04846032499336
Esf$_{30}$,40,9,38.87662306502898
