tipo,y_rot,x_tilt,Eb
Eb$_{min}$,66,14,-29.026588733730023
$Dp_{min}$,26,8,39.33913420485624
Esf$_{25}$,4,11,4.622030936006922
Esf$_{30}$,22,6,21.330956341320416
