tipo,y_rot,x_tilt,Eb
Eb$_{min}$,66,14,-11.978754661722633
$Dp_{min}$,26,8,59.72137858009228
Esf$_{25}$,4,11,25.207040351127944
Esf$_{30}$,22,6,39.27885620392044
