tipo,y_rot,x_tilt,Eb
Eb$_{min}$,45,14,-12.112533075407557
$Dp_{min}$,28,9,36.39766669966048
Esf$_{25}$,41,10,50.51521440780198
Esf$_{30}$,38,8,40.61034949005989
