tipo,y_rot,x_tilt,Eb
Eb$_{min}$,71,11,-19.198763544747635
$Dp_{min}$,26,8,51.98513175537664
Esf$_{25}$,4,11,17.711696846672567
Esf$_{30}$,22,6,30.997347154436284
