tipo,y_rot,x_tilt,Eb
Eb$_{min}$,58,30,-40.99290334073885
$Dp_{min}$,2,23,43.90814486052113
Esf$_{25}$,44,12,8.25884980011324
Esf$_{30}$,39,8,0.810230280047108
