tipo,y_rot,x_tilt,Eb
Eb$_{min}$,65,12,-5.860723931626126
$Dp_{min}$,30,12,90.83879878377049
Esf$_{25}$,16,9,51.505991714351694
Esf$_{30}$,16,6,20.674196512833078
