tipo,y_rot,x_tilt,Eb
Eb$_{min}$,45,14,-32.47151741501875
$Dp_{min}$,28,9,21.35196008870116
Esf$_{25}$,41,10,18.97700966738193
Esf$_{30}$,38,8,16.496104640369595
