tipo,y_rot,x_tilt,Eb
Eb$_{min}$,0,11,-4.697527891525169
$Dp_{min}$,26,8,62.995730364329575
Esf$_{25}$,4,11,30.400880969575155
Esf$_{30}$,22,6,44.71648198506227
