tipo,y_rot,x_tilt,Eb
Eb$_{min}$,69,24,3.047022829656271
$Dp_{min}$,25,13,102.66975192730752
Esf$_{25}$,21,8,16.469950852357215
Esf$_{30}$,33,4,21.842974212655463
