tipo,y_rot,x_tilt,Eb
Eb$_{min}$,66,14,-2.4014708464856085
$Dp_{min}$,26,8,72.4176523254082
Esf$_{25}$,4,11,36.9309086985304
Esf$_{30}$,22,6,50.21494031718976
