tipo,y_rot,x_tilt,Eb
Eb$_{min}$,4,25,-21.37360285268369
$Dp_{min}$,1,16,65.08035469174501
Esf$_{25}$,42,13,64.46487564274139
Esf$_{30}$,40,9,35.263724672848184
