tipo,y_rot,x_tilt,Eb
Eb$_{min}$,57,21,3.7922484003865975
$Dp_{min}$,26,8,81.51508242659474
Esf$_{25}$,4,11,44.99319988195566
Esf$_{30}$,22,6,57.96004879429347
