tipo,y_rot,x_tilt,Eb
Eb$_{min}$,69,24,0.7595819669004413
$Dp_{min}$,25,13,98.16545008483808
Esf$_{25}$,21,8,13.92819566074104
Esf$_{30}$,33,4,19.759771411620022
