tipo,y_rot,x_tilt,Eb
Eb$_{min}$,4,25,-38.43081837416685
$Dp_{min}$,1,16,50.435526061832206
Esf$_{25}$,42,13,32.65063191796071
Esf$_{30}$,40,9,10.358602614345727
