tipo,y_rot,x_tilt,Eb
Eb$_{min}$,57,20,-7.506073130760342
$Dp_{min}$,25,6,70.28937847295128
Esf$_{25}$,4,10,40.9644509211812
Esf$_{30}$,15,6,46.982885702214844
