tipo,y_rot,x_tilt,Eb
Eb$_{min}$,2,34,-15.093699399258185
$Dp_{min}$,5,21,88.51938474910276
Esf$_{25}$,42,12,143.18111336961738
Esf$_{30}$,38,9,51.297013741583214
