tipo,y_rot,x_tilt,Eb
Eb$_{min}$,57,20,-2.84584872839514
$Dp_{min}$,25,6,75.98712213476574
Esf$_{25}$,4,10,49.21037525335123
Esf$_{30}$,15,6,52.86556972323888
