tipo,y_rot,x_tilt,Eb
Eb$_{min}$,39,12,-63.284760290393024
$Dp_{min}$,1,21,-5.237876777915517
Esf$_{25}$,43,13,26.39523284100869
Esf$_{30}$,42,9,-20.926938160468126
