tipo,y_rot,x_tilt,Eb
Eb$_{min}$,69,14,-16.86421915068422
$Dp_{min}$,30,12,72.1681270686422
Esf$_{25}$,16,9,36.74068192634513
Esf$_{30}$,16,6,9.943990874886367
