tipo,y_rot,x_tilt,Eb
Eb$_{min}$,4,34,-21.71362103700085
$Dp_{min}$,1,21,44.35930726133665
Esf$_{25}$,43,13,93.90727236355453
Esf$_{30}$,42,9,24.580056168182637
