tipo,y_rot,x_tilt,Eb
Eb$_{min}$,56,32,-9.607087997144845
$Dp_{min}$,2,23,107.15937019499688
Esf$_{25}$,44,12,72.24689129348553
Esf$_{30}$,39,8,49.56810572208633
