tipo,y_rot,x_tilt,Eb
Eb$_{min}$,4,25,-26.5043307794258
$Dp_{min}$,1,16,60.332136636767245
Esf$_{25}$,42,13,54.945840272383066
Esf$_{30}$,40,9,27.778907773543324
