tipo,y_rot,x_tilt,Eb
Eb$_{min}$,1,25,-60.498195139560266
$Dp_{min}$,1,16,45.18828022651724
Esf$_{25}$,42,13,3.8107330745260697
Esf$_{30}$,40,9,-10.666275399722508
