tipo,y_rot,x_tilt,Eb
Eb$_{min}$,1,25,-58.77566009046859
$Dp_{min}$,1,16,39.74791932075459
Esf$_{25}$,42,13,1.6257456745079253
Esf$_{30}$,40,9,-13.623734224907821
