tipo,y_rot,x_tilt,Eb
Eb$_{min}$,69,12,-19.724131694227253
$Dp_{min}$,25,6,69.72971019147008
Esf$_{25}$,4,10,24.114792442924227
Esf$_{30}$,15,6,34.884134819480096
