tipo,y_rot,x_tilt,Eb
Eb$_{min}$,1,28,-20.417090103677765
$Dp_{min}$,5,21,70.64269092556788
Esf$_{25}$,42,12,117.40429862399468
Esf$_{30}$,38,9,39.247750894588535
