tipo,y_rot,x_tilt,Eb
Eb$_{min}$,8,13,-17.706394156652095
$Dp_{min}$,1,21,55.692514751492126
Esf$_{25}$,43,13,114.0408863480261
Esf$_{30}$,42,9,30.95346879641147
