tipo,y_rot,x_tilt,Eb
Eb$_{min}$,69,3,-8.15005997998378
$Dp_{min}$,29,9,-1.6055508220324557
Esf$_{25}$,0,13,-2.079320129323605
Esf$_{30}$,28,9,0.6624066947697429
