tipo,y_rot,x_tilt,Eb
Eb$_{min}$,58,30,-40.556561313947896
$Dp_{min}$,2,23,45.73876287590247
Esf$_{25}$,44,12,17.64047594339354
Esf$_{30}$,39,8,-1.5506059727777028
