tipo,y_rot,x_tilt,Eb
Eb$_{min}$,45,14,-14.24386452564795
$Dp_{min}$,28,9,36.532107436229126
Esf$_{25}$,41,10,50.87603846263664
Esf$_{30}$,38,8,37.700526820262894
