tipo,y_rot,x_tilt,Eb
Eb$_{min}$,69,14,-5.877418825204586
$Dp_{min}$,30,12,87.28128826660395
Esf$_{25}$,16,9,48.010576836812106
Esf$_{30}$,16,6,18.75198511742201
