tipo,y_rot,x_tilt,Eb
Eb$_{min}$,69,14,-22.8776861457045
$Dp_{min}$,30,12,63.05604143106029
Esf$_{25}$,16,9,30.0266026264253
Esf$_{30}$,16,6,4.910556962924602
