tipo,y_rot,x_tilt,Eb
Eb$_{min}$,38,20,-13.964406428811344
$Dp_{min}$,29,9,-6.917394358239108
Esf$_{25}$,0,13,-11.61777976095982
Esf$_{30}$,28,9,-4.540601493223221
