tipo,y_rot,x_tilt,Eb
Eb$_{min}$,3,35,-18.801452957188303
$Dp_{min}$,5,21,74.25204113881045
Esf$_{25}$,42,12,130.64485736744973
Esf$_{30}$,38,9,47.09996900429542
