tipo,y_rot,x_tilt,Eb
Eb$_{min}$,65,12,-5.18836566731261
$Dp_{min}$,30,12,93.4703335815102
Esf$_{25}$,16,9,52.23975973338929
Esf$_{30}$,16,6,21.595522051227817
