tipo,y_rot,x_tilt,Eb
Eb$_{min}$,55,31,-25.3213672974598
$Dp_{min}$,2,23,70.06972612353275
Esf$_{25}$,44,12,37.99184314338345
Esf$_{30}$,39,8,20.087846520800667
