tipo,y_rot,x_tilt,Eb
Eb$_{min}$,41,22,-1.413762732532632
$Dp_{min}$,25,6,73.91443022609747
Esf$_{25}$,1,11,19.85667900187764
Esf$_{30}$,25,6,73.91443022609747
