tipo,y_rot,x_tilt,Eb
Eb$_{min}$,67,30,-31.769378722870897
$Dp_{min}$,2,23,59.41095770741231
Esf$_{25}$,44,12,28.204178918465917
Esf$_{30}$,39,8,11.736559795564972
