tipo,y_rot,x_tilt,Eb
Eb$_{min}$,1,27,-49.42360542067036
$Dp_{min}$,5,21,32.1615203434485
Esf$_{25}$,42,12,77.47563319894834
Esf$_{30}$,38,9,4.681323329496081
