tipo,y_rot,x_tilt,Eb
Eb$_{min}$,57,20,-8.552972109799157
$Dp_{min}$,25,6,69.1981054326643
Esf$_{25}$,4,10,39.11786090811984
Esf$_{30}$,15,6,45.77120803052094
