tipo,y_rot,x_tilt,Eb
Eb$_{min}$,57,21,7.467693999044059
$Dp_{min}$,26,8,88.09827460250017
Esf$_{25}$,4,11,50.66505795341618
Esf$_{30}$,22,6,63.51166831421324
