tipo,y_rot,x_tilt,Eb
Eb$_{min}$,3,35,-10.926325198401171
$Dp_{min}$,5,21,96.65568368047389
Esf$_{25}$,42,12,156.88215957821376
Esf$_{30}$,38,9,65.8653197125459
