tipo,y_rot,x_tilt,Eb
Eb$_{min}$,1,27,-67.13752830612066
$Dp_{min}$,5,21,7.459631069999887
Esf$_{25}$,42,12,48.81354293393088
Esf$_{30}$,38,9,-15.030319995072205
