tipo,y_rot,x_tilt,Eb
Eb$_{min}$,4,34,-27.11743719049264
$Dp_{min}$,1,21,37.54082454629679
Esf$_{25}$,43,13,91.85464231962396
Esf$_{30}$,42,9,17.31486238341313
