tipo,y_rot,x_tilt,Eb
Eb$_{min}$,67,30,-33.83969190937205
$Dp_{min}$,2,23,56.13847622687172
Esf$_{25}$,44,12,25.20600607565575
Esf$_{30}$,39,8,9.18638519684464
