tipo,y_rot,x_tilt,Eb
Eb$_{min}$,69,12,-10.750299258352245
$Dp_{min}$,25,13,71.83204562736137
Esf$_{25}$,21,8,0.96211549113832
Esf$_{30}$,33,4,6.289690414399956
