tipo,y_rot,x_tilt,Eb
Eb$_{min}$,65,12,-0.6363851762653212
$Dp_{min}$,30,12,102.53145955934453
Esf$_{25}$,16,9,60.0084038101395
Esf$_{30}$,16,6,27.08203348466668
