tipo,y_rot,x_tilt,Eb
Eb$_{min}$,69,12,-11.387668428280447
$Dp_{min}$,25,13,75.74590307875769
Esf$_{25}$,21,8,2.549937489471631
Esf$_{30}$,33,4,10.12766060938884
