tipo,y_rot,x_tilt,Eb
Eb$_{min}$,3,35,-15.84294842770032
$Dp_{min}$,5,21,82.77500323853747
Esf$_{25}$,42,12,140.60581844310218
Esf$_{30}$,38,9,54.230288912629476
