tipo,y_rot,x_tilt,Eb
Eb$_{min}$,71,11,-6.996191066353276
$Dp_{min}$,26,8,67.07025446357329
Esf$_{25}$,4,11,32.42161163642413
Esf$_{30}$,22,6,44.12954424447889
