tipo,y_rot,x_tilt,Eb
Eb$_{min}$,41,22,-19.40520974572973
$Dp_{min}$,25,6,87.23768606886188
Esf$_{25}$,1,11,2.720973863244581
Esf$_{30}$,25,6,87.23768606886188
