tipo,y_rot,x_tilt,Eb
Eb$_{min}$,1,11,-19.24806864770289
$Dp_{min}$,26,8,52.10618382766916
Esf$_{25}$,4,11,14.647705270046572
Esf$_{30}$,22,6,32.78410235671254
