tipo,y_rot,x_tilt,Eb
Eb$_{min}$,57,20,-0.2462533015768713
$Dp_{min}$,25,6,79.8049636140222
Esf$_{25}$,4,10,53.86561762524616
Esf$_{30}$,15,6,56.529595782059914
