tipo,y_rot,x_tilt,Eb
Eb$_{min}$,0,13,-16.769084458803263
$Dp_{min}$,30,12,68.85684494023371
Esf$_{25}$,16,9,35.25772720027089
Esf$_{30}$,16,6,8.353947118095675
