tipo,y_rot,x_tilt,Eb
Eb$_{min}$,3,35,-13.125317394835292
$Dp_{min}$,5,21,90.48332012138415
Esf$_{25}$,42,12,149.6350386282793
Esf$_{30}$,38,9,60.68936092367221
