tipo,y_rot,x_tilt,Eb
Eb$_{min}$,6,9,-7.813035037725058
$Dp_{min}$,25,13,76.7832512247478
Esf$_{25}$,21,8,4.500891867188329
Esf$_{30}$,33,4,9.14780699901712
