tipo,y_rot,x_tilt,Eb
Eb$_{min}$,58,30,-25.97229068877641
$Dp_{min}$,2,23,67.78601032216102
Esf$_{25}$,44,12,38.01786995497969
Esf$_{30}$,39,8,16.042977984441677
