tipo,y_rot,x_tilt,Eb
Eb$_{min}$,4,25,-16.43573390448728
$Dp_{min}$,1,16,69.93002454469388
Esf$_{25}$,42,13,73.61042403887404
Esf$_{30}$,40,9,42.477505813476455
