tipo,y_rot,x_tilt,Eb
Eb$_{min}$,0,13,-23.46713643498515
$Dp_{min}$,30,12,59.58809883537469
Esf$_{25}$,16,9,28.316968787934456
Esf$_{30}$,16,6,3.1327493845456047
