tipo,y_rot,x_tilt,Eb
Eb$_{min}$,66,14,-5.899632952008687
$Dp_{min}$,26,8,67.68595394395743
Esf$_{25}$,4,11,32.63081056744704
Esf$_{30}$,22,6,46.156438028989214
