tipo,y_rot,x_tilt,Eb
Eb$_{min}$,8,13,-12.443721666932106
$Dp_{min}$,1,21,60.27190591129329
Esf$_{25}$,43,13,118.6640300103536
Esf$_{30}$,42,9,38.730936818916234
