tipo,y_rot,x_tilt,Eb
Eb$_{min}$,69,24,-2.795324153164984
$Dp_{min}$,25,13,91.27269239850284
Esf$_{25}$,21,8,9.954815975623204
Esf$_{30}$,33,4,16.492380078569113
