tipo,y_rot,x_tilt,Eb
Eb$_{min}$,6,9,-2.6197888954848167
$Dp_{min}$,25,13,87.91301969229607
Esf$_{25}$,21,8,10.778234027457074
Esf$_{30}$,33,4,14.248987866758398
