tipo,y_rot,x_tilt,Eb
Eb$_{min}$,33,12,-9.025757768102268
$Dp_{min}$,29,9,-3.3612098712874285
Esf$_{25}$,0,13,-4.689016586120488
Esf$_{30}$,28,9,-1.0281508929365373
