tipo,y_rot,x_tilt,Eb
Eb$_{min}$,1,11,-26.681747664071736
$Dp_{min}$,26,8,44.913297828949
Esf$_{25}$,4,11,6.904475331470167
Esf$_{30}$,22,6,26.437659844217706
