tipo,y_rot,x_tilt,Eb
Eb$_{min}$,1,25,-17.768115282982762
$Dp_{min}$,1,16,68.95274513200275
Esf$_{25}$,42,13,59.90069228140783
Esf$_{30}$,40,9,36.254177993039775
