tipo,y_rot,x_tilt,Eb
Eb$_{min}$,8,13,-25.9827643869794
$Dp_{min}$,1,21,41.77640804590192
Esf$_{25}$,43,13,95.29111410603218
Esf$_{30}$,42,9,21.029889856668888
