tipo,y_rot,x_tilt,Eb
Eb$_{min}$,54,31,-14.71420765050425
$Dp_{min}$,2,23,90.71379752919891
Esf$_{25}$,44,12,59.34373212496576
Esf$_{30}$,39,8,34.63892837279127
