tipo,y_rot,x_tilt,Eb
Eb$_{min}$,69,3,-8.255052527516455
$Dp_{min}$,29,9,-1.3223593622333285
Esf$_{25}$,0,13,-1.1739537133562408
Esf$_{30}$,28,9,0.9364635252786684
