tipo,y_rot,x_tilt,Eb
Eb$_{min}$,69,24,-3.872480716769133
$Dp_{min}$,25,13,89.20352407021164
Esf$_{25}$,21,8,8.744514032398001
Esf$_{30}$,33,4,15.4949947471232
