tipo,y_rot,x_tilt,Eb
Eb$_{min}$,0,11,-16.4330894942741
$Dp_{min}$,26,8,49.03637555018031
Esf$_{25}$,4,11,16.972397426441603
Esf$_{30}$,22,6,32.60708034421441
