tipo,y_rot,x_tilt,Eb
Eb$_{min}$,69,24,-1.5523604294812683
$Dp_{min}$,25,13,93.67042386256615
Esf$_{25}$,21,8,11.347610009517666
Esf$_{30}$,33,4,17.639012561543495
