tipo,y_rot,x_tilt,Eb
Eb$_{min}$,1,27,-49.05122706356633
$Dp_{min}$,5,21,24.658596427376324
Esf$_{25}$,42,12,63.48967649981205
Esf$_{30}$,38,9,3.114351435986464
