tipo,y_rot,x_tilt,Eb
Eb$_{min}$,57,20,-1.533561419335456
$Dp_{min}$,25,6,77.8521074905093
Esf$_{25}$,4,10,51.55221254868047
Esf$_{30}$,15,6,54.677173336736814
