tipo,y_rot,x_tilt,Eb
Eb$_{min}$,69,24,-8.268290121292011
$Dp_{min}$,25,13,80.81958460024362
Esf$_{25}$,21,8,3.770483713084104
Esf$_{30}$,33,4,11.388418454767816
