tipo,y_rot,x_tilt,Eb
Eb$_{min}$,1,28,-23.50893224117317
$Dp_{min}$,5,21,64.9703879929948
Esf$_{25}$,42,12,119.8181835809155
Esf$_{30}$,38,9,39.35554533294635
