tipo,y_rot,x_tilt,Eb
Eb$_{min}$,57,20,1.0103833382854646
$Dp_{min}$,25,6,81.83996088070853
Esf$_{25}$,4,10,56.14482789946851
Esf$_{30}$,15,6,58.417500822613874
