tipo,y_rot,x_tilt,Eb
Eb$_{min}$,54,31,-22.35434023952257
$Dp_{min}$,2,23,74.9744516702849
Esf$_{25}$,44,12,44.69223182542919
Esf$_{30}$,39,8,21.846021287878102
