tipo,y_rot,x_tilt,Eb
Eb$_{min}$,3,35,-7.733057078548882
$Dp_{min}$,5,21,105.5476937150379
Esf$_{25}$,42,12,167.35481130362314
Esf$_{30}$,38,9,73.3230980940134
