tipo,y_rot,x_tilt,Eb
Eb$_{min}$,1,27,-67.6367188282893
$Dp_{min}$,5,21,1.5038391174457502
Esf$_{25}$,42,12,46.082603383867536
Esf$_{30}$,38,9,-12.22650129647809
