tipo,y_rot,x_tilt,Eb
Eb$_{min}$,67,12,1.0095011384764805
$Dp_{min}$,26,8,71.66443952047848
Esf$_{25}$,4,11,37.904542885136834
Esf$_{30}$,22,6,52.022066490271754
