tipo,y_rot,x_tilt,Eb
Eb$_{min}$,45,14,-23.72058467362513
$Dp_{min}$,28,9,27.68755190219236
Esf$_{25}$,41,10,32.46254451540153
Esf$_{30}$,38,8,26.760036594772828
