tipo,y_rot,x_tilt,Eb
Eb$_{min}$,69,13,-31.561790838291927
$Dp_{min}$,25,6,61.914457534127
Esf$_{25}$,4,10,9.553454926346603
Esf$_{30}$,15,6,32.1822079653939
