tipo,y_rot,x_tilt,Eb
Eb$_{min}$,69,12,-4.825127131483896
$Dp_{min}$,26,8,67.07053241676658
Esf$_{25}$,4,11,34.060757408453355
Esf$_{30}$,22,6,44.96694930814374
