tipo,y_rot,x_tilt,Eb
Eb$_{min}$,1,28,-31.17947897822887
$Dp_{min}$,5,21,52.551680084528925
Esf$_{25}$,42,12,105.35699713675422
Esf$_{30}$,38,9,29.04185133009014
