tipo,y_rot,x_tilt,Eb
Eb$_{min}$,45,14,-27.491758306190604
$Dp_{min}$,28,9,26.358142783210496
Esf$_{25}$,41,10,30.844496226141928
Esf$_{30}$,38,8,22.47056733437057
