tipo,y_rot,x_tilt,Eb
Eb$_{min}$,69,24,-12.98846175561266
$Dp_{min}$,25,13,71.87376095066247
Esf$_{25}$,21,8,-1.638727609128182
Esf$_{30}$,33,4,6.9150878978452965
