tipo,y_rot,x_tilt,Eb
Eb$_{min}$,7,21,-30.79815409109869
$Dp_{min}$,5,21,59.45228307864454
Esf$_{25}$,42,12,109.22539742835215
Esf$_{30}$,38,9,27.074265088449465
