tipo,y_rot,x_tilt,Eb
Eb$_{min}$,57,21,4.355519070462833
$Dp_{min}$,26,8,82.51527331321086
Esf$_{25}$,4,11,45.86368505025166
Esf$_{30}$,22,6,58.806575832690214
