tipo,y_rot,x_tilt,Eb
Eb$_{min}$,69,3,-9.180670379610092
$Dp_{min}$,29,9,-3.327915994621435
Esf$_{25}$,0,13,-3.7761256414305535
Esf$_{30}$,28,9,-0.960150603128568
