tipo,y_rot,x_tilt,Eb
Eb$_{min}$,3,35,-15.902818835464132
$Dp_{min}$,5,21,82.60399676258385
Esf$_{25}$,42,12,140.40574470682623
Esf$_{30}$,38,9,54.08708887022658
