tipo,y_rot,x_tilt,Eb
Eb$_{min}$,4,25,-29.414816582022468
$Dp_{min}$,1,16,59.65292998283985
Esf$_{25}$,42,13,51.18623983385624
Esf$_{30}$,40,9,25.002971017660457
