tipo,y_rot,x_tilt,Eb
Eb$_{min}$,1,25,-42.91158663717215
$Dp_{min}$,1,16,61.42344915879221
Esf$_{25}$,42,13,18.63650995804346
Esf$_{30}$,40,9,6.331079964642413
