tipo,y_rot,x_tilt,Eb
Eb$_{min}$,56,35,-8.442174741627241
$Dp_{min}$,1,21,70.48601905648684
Esf$_{25}$,43,13,140.97737965159467
Esf$_{30}$,42,9,47.50327072025539
