tipo,y_rot,x_tilt,Eb
Eb$_{min}$,45,14,-37.55632516402693
$Dp_{min}$,28,9,18.84091398016608
Esf$_{25}$,41,10,15.887467238193494
Esf$_{30}$,38,8,11.281083950176253
